{"cameraMode":{"drawMode":0,"name":"Shaded","section":"Shading Mode"},"sceneLighting":true,"audioPlay":false,"sceneViewState":{"showFog":false,"showMaterialUpdate":false,"showSkybox":true,"showFlares":false,"showImageEffects":false,"showParticleSystems":false},"in2DMode":false,"pivot":{"x":9.581876754760743,"y":6.251003265380859,"z":-10.109323501586914},"rotation":{"x":-0.1736985296010971,"y":0.2447410225868225,"z":-0.04461025819182396,"w":-0.9528637528419495},"size":14.194634437561036,"orthographic":false}